{"mode": "train", "epoch": 1, "iter": 50, "lr": 8e-05, "memory": 8485, "data_time": 0.13177, "loss_cls": 0.13787, "loss_bbox": 0.06099, "loss": 0.19886, "time": 1.3742}
{"mode": "train", "epoch": 1, "iter": 100, "lr": 0.00017, "memory": 8485, "data_time": 0.03542, "loss_cls": 0.13168, "loss_bbox": 0.06158, "loss": 0.19326, "time": 1.38283}
{"mode": "train", "epoch": 1, "iter": 150, "lr": 0.00025, "memory": 8485, "data_time": 0.0364, "loss_cls": 0.13958, "loss_bbox": 0.06491, "loss": 0.20449, "time": 1.36714}
{"mode": "train", "epoch": 1, "iter": 200, "lr": 0.00033, "memory": 8485, "data_time": 0.03545, "loss_cls": 0.13815, "loss_bbox": 0.06359, "loss": 0.20174, "time": 1.37409}
{"mode": "train", "epoch": 2, "iter": 50, "lr": 0.00042, "memory": 8485, "data_time": 0.12503, "loss_cls": 0.13476, "loss_bbox": 0.065, "loss": 0.19977, "time": 1.48851}
{"mode": "train", "epoch": 2, "iter": 100, "lr": 0.0005, "memory": 8485, "data_time": 0.03607, "loss_cls": 0.13793, "loss_bbox": 0.06401, "loss": 0.20193, "time": 1.3765}
{"mode": "train", "epoch": 2, "iter": 150, "lr": 0.00059, "memory": 8485, "data_time": 0.03649, "loss_cls": 0.15564, "loss_bbox": 0.0651, "loss": 0.22074, "time": 1.37869}
{"mode": "train", "epoch": 2, "iter": 200, "lr": 0.00067, "memory": 8485, "data_time": 0.0359, "loss_cls": 0.15308, "loss_bbox": 0.07305, "loss": 0.22613, "time": 1.37846}
{"mode": "train", "epoch": 3, "iter": 50, "lr": 0.00076, "memory": 8485, "data_time": 0.12366, "loss_cls": 0.12694, "loss_bbox": 0.06369, "loss": 0.19063, "time": 1.4782}
{"mode": "train", "epoch": 3, "iter": 100, "lr": 0.00084, "memory": 8485, "data_time": 0.03613, "loss_cls": 0.15125, "loss_bbox": 0.07016, "loss": 0.22141, "time": 1.37167}
{"mode": "train", "epoch": 3, "iter": 150, "lr": 0.00093, "memory": 8485, "data_time": 0.03603, "loss_cls": 0.15647, "loss_bbox": 0.07351, "loss": 0.22998, "time": 1.38345}
{"mode": "train", "epoch": 3, "iter": 200, "lr": 0.00101, "memory": 8485, "data_time": 0.03589, "loss_cls": 0.15742, "loss_bbox": 0.06832, "loss": 0.22575, "time": 1.37387}
{"mode": "train", "epoch": 4, "iter": 50, "lr": 0.0011, "memory": 8485, "data_time": 0.12396, "loss_cls": 0.14679, "loss_bbox": 0.07188, "loss": 0.21867, "time": 1.47472}
{"mode": "train", "epoch": 4, "iter": 100, "lr": 0.00118, "memory": 8485, "data_time": 0.03647, "loss_cls": 0.13411, "loss_bbox": 0.06493, "loss": 0.19904, "time": 1.35989}
{"mode": "train", "epoch": 4, "iter": 150, "lr": 0.00126, "memory": 8485, "data_time": 0.03492, "loss_cls": 0.16542, "loss_bbox": 0.07188, "loss": 0.2373, "time": 1.36921}
{"mode": "train", "epoch": 4, "iter": 200, "lr": 0.00135, "memory": 8485, "data_time": 0.03553, "loss_cls": 0.15337, "loss_bbox": 0.07105, "loss": 0.22442, "time": 1.38089}
{"mode": "train", "epoch": 5, "iter": 50, "lr": 0.00144, "memory": 8485, "data_time": 0.12231, "loss_cls": 0.14253, "loss_bbox": 0.07245, "loss": 0.21498, "time": 1.4746}
{"mode": "train", "epoch": 5, "iter": 100, "lr": 0.00152, "memory": 8485, "data_time": 0.03583, "loss_cls": 0.15362, "loss_bbox": 0.07351, "loss": 0.22712, "time": 1.37363}
{"mode": "train", "epoch": 5, "iter": 150, "lr": 0.0016, "memory": 8485, "data_time": 0.03625, "loss_cls": 0.14701, "loss_bbox": 0.06829, "loss": 0.2153, "time": 1.38802}
{"mode": "train", "epoch": 5, "iter": 200, "lr": 0.00169, "memory": 8485, "data_time": 0.03568, "loss_cls": 0.15988, "loss_bbox": 0.07445, "loss": 0.23434, "time": 1.3823}
{"mode": "train", "epoch": 6, "iter": 50, "lr": 0.00177, "memory": 8485, "data_time": 0.12258, "loss_cls": 0.12213, "loss_bbox": 0.07181, "loss": 0.19394, "time": 1.46728}
{"mode": "train", "epoch": 6, "iter": 100, "lr": 0.00186, "memory": 8485, "data_time": 0.03631, "loss_cls": 0.12771, "loss_bbox": 0.0732, "loss": 0.20091, "time": 1.37815}
{"mode": "train", "epoch": 6, "iter": 150, "lr": 0.00194, "memory": 8485, "data_time": 0.03643, "loss_cls": 0.15167, "loss_bbox": 0.07648, "loss": 0.22816, "time": 1.37884}
{"mode": "train", "epoch": 6, "iter": 200, "lr": 0.00202, "memory": 8485, "data_time": 0.03442, "loss_cls": 0.17941, "loss_bbox": 0.07651, "loss": 0.25592, "time": 1.37315}
{"mode": "val", "epoch": 6, "iter": 1618, "lr": 0.00203, "bbox_mAP": 0.198, "bbox_mAP_50": 0.232, "bbox_mAP_75": 0.23, "bbox_mAP_s": -1.0, "bbox_mAP_m": 0.3, "bbox_mAP_l": 0.199, "bbox_mAP_copypaste": "0.198 0.232 0.230 -1.000 0.300 0.199"}
{"mode": "train", "epoch": 7, "iter": 50, "lr": 0.00211, "memory": 8485, "data_time": 0.12112, "loss_cls": 0.12363, "loss_bbox": 0.07757, "loss": 0.2012, "time": 1.49298}
{"mode": "train", "epoch": 7, "iter": 100, "lr": 0.0022, "memory": 8485, "data_time": 0.03626, "loss_cls": 0.13299, "loss_bbox": 0.07962, "loss": 0.21261, "time": 1.37805}
{"mode": "train", "epoch": 7, "iter": 150, "lr": 0.00228, "memory": 8485, "data_time": 0.0343, "loss_cls": 0.13614, "loss_bbox": 0.08038, "loss": 0.21652, "time": 1.36953}
{"mode": "train", "epoch": 7, "iter": 200, "lr": 0.00236, "memory": 8485, "data_time": 0.03449, "loss_cls": 0.16057, "loss_bbox": 0.07578, "loss": 0.23635, "time": 1.37029}
{"mode": "train", "epoch": 8, "iter": 50, "lr": 0.00245, "memory": 8485, "data_time": 0.1222, "loss_cls": 0.10791, "loss_bbox": 0.07741, "loss": 0.18532, "time": 1.47872}
{"mode": "train", "epoch": 8, "iter": 100, "lr": 0.0025, "memory": 8485, "data_time": 0.03457, "loss_cls": 0.1307, "loss_bbox": 0.08304, "loss": 0.21374, "time": 1.37149}
{"mode": "train", "epoch": 8, "iter": 150, "lr": 0.0025, "memory": 8485, "data_time": 0.03586, "loss_cls": 0.13113, "loss_bbox": 0.08112, "loss": 0.21225, "time": 1.38309}
{"mode": "train", "epoch": 8, "iter": 200, "lr": 0.0025, "memory": 8485, "data_time": 0.0334, "loss_cls": 0.13084, "loss_bbox": 0.07995, "loss": 0.21079, "time": 1.36941}
{"mode": "train", "epoch": 9, "iter": 50, "lr": 0.00025, "memory": 8485, "data_time": 0.11369, "loss_cls": 0.08201, "loss_bbox": 0.06998, "loss": 0.15199, "time": 1.4638}
{"mode": "train", "epoch": 9, "iter": 100, "lr": 0.00025, "memory": 8485, "data_time": 0.03592, "loss_cls": 0.07134, "loss_bbox": 0.06194, "loss": 0.13328, "time": 1.37273}
{"mode": "train", "epoch": 9, "iter": 150, "lr": 0.00025, "memory": 8485, "data_time": 0.03565, "loss_cls": 0.06051, "loss_bbox": 0.06022, "loss": 0.12072, "time": 1.3751}
{"mode": "train", "epoch": 9, "iter": 200, "lr": 0.00025, "memory": 8485, "data_time": 0.03525, "loss_cls": 0.0579, "loss_bbox": 0.05594, "loss": 0.11384, "time": 1.37226}
{"mode": "train", "epoch": 10, "iter": 50, "lr": 0.00025, "memory": 8485, "data_time": 0.11258, "loss_cls": 0.04169, "loss_bbox": 0.05551, "loss": 0.09719, "time": 1.45709}
{"mode": "train", "epoch": 10, "iter": 100, "lr": 0.00025, "memory": 8485, "data_time": 0.03615, "loss_cls": 0.04261, "loss_bbox": 0.05643, "loss": 0.09904, "time": 1.37504}
{"mode": "train", "epoch": 10, "iter": 150, "lr": 0.00025, "memory": 8485, "data_time": 0.03592, "loss_cls": 0.0463, "loss_bbox": 0.05865, "loss": 0.10495, "time": 1.37787}
{"mode": "train", "epoch": 10, "iter": 200, "lr": 0.00025, "memory": 8485, "data_time": 0.03574, "loss_cls": 0.03959, "loss_bbox": 0.0574, "loss": 0.09699, "time": 1.37545}
{"mode": "train", "epoch": 11, "iter": 50, "lr": 0.00025, "memory": 8485, "data_time": 0.11709, "loss_cls": 0.03784, "loss_bbox": 0.05505, "loss": 0.09288, "time": 1.46846}
{"mode": "train", "epoch": 11, "iter": 100, "lr": 0.00025, "memory": 8485, "data_time": 0.03632, "loss_cls": 0.03664, "loss_bbox": 0.05724, "loss": 0.09388, "time": 1.36988}
{"mode": "train", "epoch": 11, "iter": 150, "lr": 0.00025, "memory": 8485, "data_time": 0.03643, "loss_cls": 0.03673, "loss_bbox": 0.05775, "loss": 0.09448, "time": 1.38187}
{"mode": "train", "epoch": 11, "iter": 200, "lr": 0.00025, "memory": 8485, "data_time": 0.03545, "loss_cls": 0.03611, "loss_bbox": 0.0563, "loss": 0.0924, "time": 1.38684}
{"mode": "train", "epoch": 12, "iter": 50, "lr": 3e-05, "memory": 8485, "data_time": 0.11908, "loss_cls": 0.03291, "loss_bbox": 0.0557, "loss": 0.0886,